{
  "order": {
    "0": "player",
    "1": "copper",
    "2": "iron",
    "3": "money",
    "4": "Central",
    "5": "Dapton",
    "6": "im-central",
    "7": "Cen1s",
    "8": "CenBank"
  },
  "ordern": 0,
  "count": 9,
  "rnd": {},
  "per": 0.0,
  "time": 0.0,
  "difficulty": 1,
  "turn": null,
  "playerturn": false,
  "turnover": false,
  "Materials": [
    {
      "anchornet": -0.1,
      "name": "copper",
      "type": "r",
      "cost": 103.73,
      "influx": 11,
      "amount": 15,
      "inflation": 0.0,
      "prevamount": 0,
      "previnflation": 0.0,
      "anchor": null,
      "craftable": null
    },
    {
      "anchornet": -0.1,
      "name": "iron",
      "type": "r",
      "cost": 460.32,
      "influx": 9,
      "amount": 60,
      "inflation": 0.0,
      "prevamount": 0,
      "previnflation": 0.0,
      "anchor": null,
      "craftable": null
    },
    {
      "anchornet": -0.1,
      "name": "money",
      "type": "c",
      "cost": 1.0,
      "influx": 0,
      "amount": 10000,
      "inflation": 0.0,
      "prevamount": 0,
      "previnflation": 0.0,
      "anchor": "Central",
      "craftable": null
    }
  ],
  "LocList": [
    {
      "anchor": "",
      "name": "Central",
      "type": "e",
      "markup": 1.44,
      "currency": {
        "anchornet": -0.1,
        "name": "money",
        "type": "c",
        "cost": 1.0,
        "influx": 0,
        "amount": 10000,
        "inflation": 0.0,
        "prevamount": 0,
        "previnflation": 0.0,
        "anchor": "Central",
        "craftable": null
      },
      "travel": [
        "Dapton"
      ],
      "prevNet": 0.0
    },
    {
      "anchor": "",
      "name": "Dapton",
      "type": "e",
      "markup": 1.54,
      "currency": {
        "anchornet": -0.1,
        "name": "money",
        "type": "c",
        "cost": 1.0,
        "influx": 0,
        "amount": 10000,
        "inflation": 0.0,
        "prevamount": 0,
        "previnflation": 0.0,
        "anchor": "Central",
        "craftable": null
      },
      "travel": [],
      "prevNet": 0.0
    }
  ],
  "Players": [
    {
      "pub": false,
      "name": "player",
      "type": "p",
      "intellegence": 0,
      "invent": {
        "copper": 0,
        "iron": 0,
        "money": 0
      },
      "location": "Central",
      "sponsor": null,
      "anchor": null,
      "prevNet": 0.0
    }
  ],
  "Locs": [
    {
      "developed": false,
      "name": "im-central",
      "type": "p",
      "units": 0,
      "cap": 200,
      "cost": 78,
      "mcost": 49.67,
      "anchor": null,
      "mat": {
        "anchornet": -0.1,
        "name": "iron",
        "type": "r",
        "cost": 460.32,
        "influx": 9,
        "amount": 60,
        "inflation": 0.0,
        "prevamount": 0,
        "previnflation": 0.0,
        "anchor": null,
        "craftable": null
      },
      "location": {
        "anchor": "",
        "name": "Central",
        "type": "e",
        "markup": 1.44,
        "currency": {
          "anchornet": -0.1,
          "name": "money",
          "type": "c",
          "cost": 1.0,
          "influx": 0,
          "amount": 10000,
          "inflation": 0.0,
          "prevamount": 0,
          "previnflation": 0.0,
          "anchor": "Central",
          "craftable": null
        },
        "travel": [
          "Dapton"
        ],
        "prevNet": 0.0
      }
    },
    {
      "developed": false,
      "name": "Cen1s",
      "type": "s",
      "units": 0,
      "cap": 1000,
      "cost": 100,
      "mcost": 10.06,
      "anchor": null,
      "mat": {
        "anchornet": -0.1,
        "name": "copper",
        "type": "r",
        "cost": 103.73,
        "influx": 11,
        "amount": 15,
        "inflation": 0.0,
        "prevamount": 0,
        "previnflation": 0.0,
        "anchor": null,
        "craftable": null
      },
      "location": {
        "anchor": "",
        "name": "Central",
        "type": "e",
        "markup": 1.44,
        "currency": {
          "anchornet": -0.1,
          "name": "money",
          "type": "c",
          "cost": 1.0,
          "influx": 0,
          "amount": 10000,
          "inflation": 0.0,
          "prevamount": 0,
          "previnflation": 0.0,
          "anchor": "Central",
          "craftable": null
        },
        "travel": [
          "Dapton"
        ],
        "prevNet": 0.0
      }
    }
  ],
  "Banks": [
    {
      "name": "CenBank",
      "head": {
        "anchor": "",
        "name": "Central",
        "type": "e",
        "markup": 1.44,
        "currency": {
          "anchornet": -0.1,
          "name": "money",
          "type": "c",
          "cost": 1.0,
          "influx": 0,
          "amount": 10000,
          "inflation": 0.0,
          "prevamount": 0,
          "previnflation": 0.0,
          "anchor": "Central",
          "craftable": null
        },
        "travel": [
          "Dapton"
        ],
        "prevNet": 0.0
      },
      "reserve": 0,
      "intrest": 1.326
    }
  ]
}
