
[
        {
          "id": 0,
          "ops": [ 1 ],
          "od": [ "start" ]
        },
        {
            "id": 1,
            "ops": [2,4],
            "od": ["ftp","gopher"]
        },
        {
            "id": 2,
            "ops": [3,5],
            "od": ["budget","excel"],
            "item": "Software Package"
        },
        {
            "id": 3,
            "ops": [9,6,5],
            "od": ["issue","error","query"],
            "item": "User Liscence Agreement"
        },
        {
            "id": 4,
            "ops": [5,0],
            "od": ["privacy","inclusivity"]
        },
        {
            "id": 5,
            "ops": [6,0],
            "od": ["eco","sex"],
            "oi": [ "Software Package", "" ]
        },
        {
            "id": 6,
            "ops": [10,7],
            "od": ["copy","difficulty"],
            "item": "Open Source Code"
        },
        {
            "id": 7,
            "ops": [8,0],
            "od": ["guarantee","time"]
        },
        {
            "id": 8,
            "ops": [11,0],
            "od": ["public","backup"],
            "oi": [ "Open Source Code", "" ]
        },
        {
            "id": 9,
            "ops": [6, 10, 0],
            "od": ["asthetic","functionality","none"]
        },
        {
            "id": 10,
            "ops": [11,8],
            "od": ["time","backup"],
            "oi": [ "User Liscence Agreement", "" ]
        },
        {
            "id": 11,
            "ops": [ 0 ],
            "od": [ "restart" ]
        }

]
