{
  "order": {
    "0": "player",
    "1": "Copper",
    "2": "Iron",
    "3": "Money",
    "4": "Uranium",
    "5": "Gold",
    "6": "Wood",
    "7": "Stone",
    "8": "Central",
    "9": "Nesbia",
    "10": "Rockcrop Bay",
    "11": "Dapton",
    "12": "Shenton",
    "13": "Iron Island",
    "14": "Quarry",
    "15": "Wood Shed",
    "16": "Mineshaft",
    "17": "Reactor",
    "18": "CenBank",
    "19": "Eastpac",
    "20": "St. Geoff",
    "21": "Golden Sacks"
  },
  "ordern": 0,
  "count": 22,
  "rnd": {},
  "per": 0.0,
  "time": 23.25,
  "difficulty": 1,
  "turn": "Golden Sacks",
  "playerturn": true,
  "turnover": false,
  "Materials": [
    {
      "anchornet": -0.1,
      "name": "Copper",
      "type": "r",
      "cost": 13.665743305632502,
      "influx": 621,
      "amount": 1704,
      "inflation": 1.5761772853185596,
      "prevamount": 1083,
      "previnflation": 1.5761772853185596,
      "anchor": null,
      "craftable": null
    },
    {
      "anchornet": -0.1,
      "name": "Iron",
      "type": "r",
      "cost": 13.933236574746015,
      "influx": 742,
      "amount": 2809,
      "inflation": 0.59893565553942918,
      "prevamount": 2067,
      "previnflation": 0.59893565553942918,
      "anchor": null,
      "craftable": null
    },
    {
      "anchornet": 0.0,
      "name": "Money",
      "type": "c",
      "cost": 7.48502994011976,
      "influx": 559,
      "amount": 1895,
      "inflation": 1.1601796407185629,
      "prevamount": 1336,
      "previnflation": 1.1601796407185629,
      "anchor": "Central",
      "craftable": null
    },
    {
      "anchornet": -0.1,
      "name": "Uranium",
      "type": "r",
      "cost": 39.599483204134337,
      "influx": -360,
      "amount": 1188,
      "inflation": 0.50322997416020676,
      "prevamount": 1548,
      "previnflation": 0.50322997416020676,
      "anchor": null,
      "craftable": null
    },
    {
      "anchornet": -0.1,
      "name": "Gold",
      "type": "c",
      "cost": 318.754633061527,
      "influx": -642,
      "amount": 707,
      "inflation": 0.938472942920682,
      "prevamount": 1349,
      "previnflation": 0.938472942920682,
      "anchor": "RockCrop",
      "craftable": null
    },
    {
      "anchornet": -0.1,
      "name": "Wood",
      "type": "r",
      "cost": 1.2195121951219525,
      "influx": 270,
      "amount": 1746,
      "inflation": 1.8827913279132791,
      "prevamount": 1476,
      "previnflation": 1.8827913279132791,
      "anchor": null,
      "craftable": null
    },
    {
      "anchornet": -0.1,
      "name": "Stone",
      "type": "r",
      "cost": 2.9343629343629352,
      "influx": 319,
      "amount": 1614,
      "inflation": 1.5405405405405406,
      "prevamount": 1295,
      "previnflation": 1.5405405405405406,
      "anchor": null,
      "craftable": null
    }
  ],
  "LocList": [
    {
      "anchor": "",
      "name": "Central",
      "type": "e",
      "markup": 1.983,
      "currency": {
        "anchornet": -0.1,
        "name": "Money",
        "type": "c",
        "cost": 1.0,
        "influx": 0,
        "amount": 10000,
        "inflation": 0.0,
        "prevamount": 0,
        "previnflation": 0.0,
        "anchor": "Central",
        "craftable": null
      },
      "travel": [
        "Dapton",
        "Nesbia",
        "Shenton"
      ],
      "prevNet": 0.0
    },
    {
      "anchor": "",
      "name": "Nesbia",
      "type": "e",
      "markup": 1.668,
      "currency": {
        "anchornet": -0.1,
        "name": "Money",
        "type": "c",
        "cost": 1.0,
        "influx": 0,
        "amount": 10000,
        "inflation": 0.0,
        "prevamount": 0,
        "previnflation": 0.0,
        "anchor": "Central",
        "craftable": null
      },
      "travel": [
        "Dapton",
        "Central",
        "Shenton"
      ],
      "prevNet": 0.0
    },
    {
      "anchor": "",
      "name": "Rockcrop Bay",
      "type": "e",
      "markup": 1.004,
      "currency": {
        "anchornet": -0.1,
        "name": "Money",
        "type": "c",
        "cost": 1.0,
        "influx": 0,
        "amount": 10000,
        "inflation": 0.0,
        "prevamount": 0,
        "previnflation": 0.0,
        "anchor": "Central",
        "craftable": null
      },
      "travel": [
        "Iron Island",
        "Shenton",
        "Dapton"
      ],
      "prevNet": 0.0
    },
    {
      "anchor": "",
      "name": "Dapton",
      "type": "e",
      "markup": 0.764,
      "currency": {
        "anchornet": -0.1,
        "name": "Gold",
        "type": "c",
        "cost": 43.0,
        "influx": 0,
        "amount": 10000,
        "inflation": 0.0,
        "prevamount": 0,
        "previnflation": 0.0,
        "anchor": "RockCrop",
        "craftable": null
      },
      "travel": [
        "Nesbia",
        "Dapton",
        "Rockcrop Bay"
      ],
      "prevNet": 0.0
    },
    {
      "anchor": "",
      "name": "Shenton",
      "type": "e",
      "markup": 1.568,
      "currency": {
        "anchornet": -0.1,
        "name": "Gold",
        "type": "c",
        "cost": 43.0,
        "influx": 0,
        "amount": 10000,
        "inflation": 0.0,
        "prevamount": 0,
        "previnflation": 0.0,
        "anchor": "RockCrop",
        "craftable": null
      },
      "travel": [
        "Nesbia",
        "Central",
        "Rockcrop Bay"
      ],
      "prevNet": 0.0
    },
    {
      "anchor": "",
      "name": "Iron Island",
      "type": "e",
      "markup": 1.695,
      "currency": {
        "anchornet": -0.1,
        "name": "Gold",
        "type": "c",
        "cost": 43.0,
        "influx": 0,
        "amount": 10000,
        "inflation": 0.0,
        "prevamount": 0,
        "previnflation": 0.0,
        "anchor": "RockCrop",
        "craftable": null
      },
      "travel": [
        "Rockcrop Bay"
      ],
      "prevNet": 0.0
    }
  ],
  "Players": [
    {
      "pub": false,
      "name": "player",
      "type": "p",
      "intellegence": 0,
      "invent": {
        "Copper": 0,
        "Iron": 0,
        "Money": 0,
        "Uranium": 0,
        "Gold": 0,
        "Wood": 0,
        "Stone": 0
      },
      "NoGo": [],
      "score": 6669806,
      "location": "Nesbia",
      "sponsor": null,
      "anchor": null,
      "prevNet": 0.0
    }
  ],
  "Locs": [
    {
      "developed": false,
      "name": "Quarry",
      "type": "s",
      "units": 0,
      "cap": 1000,
      "cost": 286,
      "mcost": 38.0,
      "anchor": null,
      "cc": 285,
      "debt": null,
      "mat": {
        "anchornet": -0.1,
        "name": "Stone",
        "type": "r",
        "cost": 38.0,
        "influx": 11,
        "amount": 100,
        "inflation": 0.0,
        "prevamount": 0,
        "previnflation": 0.0,
        "anchor": null,
        "craftable": null
      },
      "location": {
        "anchor": "",
        "name": "Rockcrop Bay",
        "type": "e",
        "markup": 1.004,
        "currency": {
          "anchornet": -0.1,
          "name": "Money",
          "type": "c",
          "cost": 1.0,
          "influx": 0,
          "amount": 10000,
          "inflation": 0.0,
          "prevamount": 0,
          "previnflation": 0.0,
          "anchor": "Central",
          "craftable": null
        },
        "travel": [
          "Iron Island",
          "Shenton",
          "Dapton"
        ],
        "prevNet": 0.0
      }
    },
    {
      "developed": false,
      "name": "Wood Shed",
      "type": "s",
      "units": 0,
      "cap": 1000,
      "cost": 176,
      "mcost": 18.0,
      "anchor": null,
      "cc": 112,
      "debt": null,
      "mat": {
        "anchornet": -0.1,
        "name": "Wood",
        "type": "r",
        "cost": 18.0,
        "influx": 11,
        "amount": 100,
        "inflation": 0.0,
        "prevamount": 0,
        "previnflation": 0.0,
        "anchor": null,
        "craftable": null
      },
      "location": {
        "anchor": "",
        "name": "Shenton",
        "type": "e",
        "markup": 1.568,
        "currency": {
          "anchornet": -0.1,
          "name": "Gold",
          "type": "c",
          "cost": 43.0,
          "influx": 0,
          "amount": 10000,
          "inflation": 0.0,
          "prevamount": 0,
          "previnflation": 0.0,
          "anchor": "RockCrop",
          "craftable": null
        },
        "travel": [
          "Nesbia",
          "Central",
          "Rockcrop Bay"
        ],
        "prevNet": 0.0
      }
    },
    {
      "developed": false,
      "name": "Mineshaft",
      "type": "s",
      "units": 0,
      "cap": 1000,
      "cost": 2322,
      "mcost": 288.0,
      "anchor": null,
      "cc": 1370,
      "debt": null,
      "mat": {
        "anchornet": -0.1,
        "name": "Iron",
        "type": "r",
        "cost": 288.0,
        "influx": 9,
        "amount": 100,
        "inflation": 0.0,
        "prevamount": 0,
        "previnflation": 0.0,
        "anchor": null,
        "craftable": null
      },
      "location": {
        "anchor": "",
        "name": "Iron Island",
        "type": "e",
        "markup": 1.695,
        "currency": {
          "anchornet": -0.1,
          "name": "Gold",
          "type": "c",
          "cost": 43.0,
          "influx": 0,
          "amount": 10000,
          "inflation": 0.0,
          "prevamount": 0,
          "previnflation": 0.0,
          "anchor": "RockCrop",
          "craftable": null
        },
        "travel": [
          "Rockcrop Bay"
        ],
        "prevNet": 0.0
      }
    },
    {
      "developed": false,
      "name": "Reactor",
      "type": "s",
      "units": 0,
      "cap": 1000,
      "cost": 2816,
      "mcost": 613.0,
      "anchor": null,
      "cc": 3686,
      "debt": null,
      "mat": {
        "anchornet": -0.1,
        "name": "Uranium",
        "type": "r",
        "cost": 613.0,
        "influx": 11,
        "amount": 100,
        "inflation": 0.0,
        "prevamount": 0,
        "previnflation": 0.0,
        "anchor": null,
        "craftable": null
      },
      "location": {
        "anchor": "",
        "name": "Dapton",
        "type": "e",
        "markup": 0.764,
        "currency": {
          "anchornet": -0.1,
          "name": "Gold",
          "type": "c",
          "cost": 43.0,
          "influx": 0,
          "amount": 10000,
          "inflation": 0.0,
          "prevamount": 0,
          "previnflation": 0.0,
          "anchor": "RockCrop",
          "craftable": null
        },
        "travel": [
          "Nesbia",
          "Dapton",
          "Rockcrop Bay"
        ],
        "prevNet": 0.0
      }
    }
  ],
  "Banks": [
    {
      "debtlen": 0,
      "repo": false,
      "name": "CenBank",
      "head": {
        "anchor": "",
        "name": "Central",
        "type": "e",
        "markup": 1.983,
        "currency": {
          "anchornet": -0.1,
          "name": "Money",
          "type": "c",
          "cost": 1.0,
          "influx": 0,
          "amount": 10000,
          "inflation": 0.0,
          "prevamount": 0,
          "previnflation": 0.0,
          "anchor": "Central",
          "craftable": null
        },
        "travel": [
          "Dapton",
          "Nesbia",
          "Shenton"
        ],
        "prevNet": 0.0
      },
      "reserve": 0,
      "intrest": 1.603
    },
    {
      "debtlen": 0,
      "repo": false,
      "name": "Eastpac",
      "head": {
        "anchor": "",
        "name": "Dapton",
        "type": "e",
        "markup": 0.764,
        "currency": {
          "anchornet": -0.1,
          "name": "Gold",
          "type": "c",
          "cost": 43.0,
          "influx": 0,
          "amount": 10000,
          "inflation": 0.0,
          "prevamount": 0,
          "previnflation": 0.0,
          "anchor": "RockCrop",
          "craftable": null
        },
        "travel": [
          "Nesbia",
          "Dapton",
          "Rockcrop Bay"
        ],
        "prevNet": 0.0
      },
      "reserve": 0,
      "intrest": 0.506
    },
    {
      "debtlen": 0,
      "repo": false,
      "name": "St. Geoff",
      "head": {
        "anchor": "",
        "name": "Rockcrop Bay",
        "type": "e",
        "markup": 1.004,
        "currency": {
          "anchornet": -0.1,
          "name": "Money",
          "type": "c",
          "cost": 1.0,
          "influx": 0,
          "amount": 10000,
          "inflation": 0.0,
          "prevamount": 0,
          "previnflation": 0.0,
          "anchor": "Central",
          "craftable": null
        },
        "travel": [
          "Iron Island",
          "Shenton",
          "Dapton"
        ],
        "prevNet": 0.0
      },
      "reserve": 0,
      "intrest": 1.9
    },
    {
      "debtlen": 0,
      "repo": false,
      "name": "Golden Sacks",
      "head": {
        "anchor": "",
        "name": "Nesbia",
        "type": "e",
        "markup": 1.668,
        "currency": {
          "anchornet": -0.1,
          "name": "Money",
          "type": "c",
          "cost": 1.0,
          "influx": 0,
          "amount": 10000,
          "inflation": 0.0,
          "prevamount": 0,
          "previnflation": 0.0,
          "anchor": "Central",
          "craftable": null
        },
        "travel": [
          "Dapton",
          "Central",
          "Shenton"
        ],
        "prevNet": 0.0
      },
      "reserve": 0,
      "intrest": 1.492
    }
  ],
  "gameover": true
}
